"ENSEMBL","baseMean","log2FoldChange","lfcSE","pvalue","padj","SYMBOL","GENENAME"
"ENSG00000163083",521.38643026355,-2.44689812816031,0.164335029580872,2.20638453769683e-51,7.01189006080054e-48,"INHBB","inhibin subunit beta B"
"ENSG00000101825",172.331471201154,-4.75364312066567,0.339272376864526,1.37884255449247e-45,2.19098081908854e-42,"MXRA5","matrix remodeling associated 5"
"ENSG00000204386",278.750129833239,-2.60779421759736,0.208792177032018,4.83622227927153e-37,5.12317146784164e-34,"NEU1","neuraminidase 1"
"ENSG00000163347",1518.00527569215,2.01899510806288,0.165549729980317,1.98280584275782e-35,1.57533924207109e-32,"CLDN1","claudin 1"
"ENSG00000180543",136.521952434262,-3.29262029220149,0.278722603072401,2.15540314210711e-33,1.36997423712328e-30,"TSPYL5","TSPY like 5"
"ENSG00000147394",230.240819134538,-2.3008028553626,0.209991637375163,3.455871285678e-29,1.83045982431411e-26,"ZNF185","zinc finger protein 185 with LIM domain"
"ENSG00000112175",114.327878296939,-3.64252014487992,0.33441682659336,8.06739561655013e-29,3.66259760991376e-26,"BMP5","bone morphogenetic protein 5"
"ENSG00000164741",488.829128895829,-1.53274228250142,0.154987132154719,3.22858756256027e-24,1.28255640922707e-21,"DLC1","DLC1 Rho GTPase activating protein"
"ENSG00000187772",136.243113741551,-3.97180611962196,0.409169712597333,1.40447678370104e-23,4.95936357622435e-21,"LIN28B","lin-28 RNA binding posttranscriptional regulator B"
"ENSG00000118523",1939.4338635156,-1.14582698303259,0.120747551036311,2.08124570982322e-22,6.61419886581821e-20,"CCN2","cellular communication network factor 2"
"ENSG00000124145",3327.15902988983,1.15049401356298,0.122287631722286,4.66213427284601e-22,1.34693297446406e-19,"SDC4","syndecan 4"
"ENSG00000125266",131.466796421074,-2.45134238968858,0.267123876140484,2.41546594046525e-21,6.39695896566546e-19,"EFNB2","ephrin B2"
"ENSG00000161011",21226.6869625972,1.19099105115518,0.128898952007587,2.71033716538683e-21,6.62573193199951e-19,"SQSTM1","sequestosome 1"
"ENSG00000130513",2668.51689545711,1.49723530411038,0.164040363308173,5.14967022733894e-21,1.16897514160594e-18,"GDF15","growth differentiation factor 15"
"ENSG00000242732",242.230917451049,1.90411069689011,0.212109983250026,1.75693073233597e-20,3.72235057824247e-18,"RTL5","retrotransposon Gag like 5"
"ENSG00000144583",469.719179753967,-1.40886497941872,0.157274798140367,2.45633062638417e-20,4.87888670665556e-18,"MARCHF4","membrane associated ring-CH-type finger 4"
"ENSG00000148677",155.034119760035,-2.36652542961207,0.266103999930212,3.4753353310013e-20,6.49683275407184e-18,"ANKRD1","ankyrin repeat domain 1"
"ENSG00000164690",221.198588666033,-1.93428418294396,0.221351407546149,1.30187588206435e-19,2.2985341962225e-17,"SHH","sonic hedgehog signaling molecule"
"ENSG00000136928",132.985206356897,-2.07420792895353,0.24929748051898,5.55505487737615e-18,9.29156021068495e-16,"GABBR2","gamma-aminobutyric acid type B receptor subunit 2"
"ENSG00000115616",331.870484859771,1.46826726076709,0.178309973266043,1.28442296208086e-17,2.04094808674649e-15,"SLC9A2","solute carrier family 9 member A2"
"ENSG00000261796",982.824855217095,1.3714676403028,0.170653868973732,7.06675852856532e-17,1.06943612398955e-14,"ISY1-RAB43","ISY1-RAB43 readthrough"
"ENSG00000144227",53.9256035937277,-3.53348728138214,0.454309656217613,5.39210559934382e-16,7.78914163396121e-14,"NXPH2","neurexophilin 2"
"ENSG00000114638",49.8224392974395,-3.75170822685427,0.48910213975761,1.16536529602737e-15,1.48141236431e-13,"UPK1B","uroplakin 1B"
"ENSG00000133639",957.734258891211,1.3055947379559,0.16976643262583,1.14338997049086e-15,1.48141236431e-13,"BTG1","BTG anti-proliferation factor 1"
"ENSG00000272398",52.6337801780213,-3.48208891273264,0.454751248014513,1.08498670434223e-15,1.48141236431e-13,"CD24","CD24 molecule"
"ENSG00000173705",215.443764230356,-1.56064640286396,0.210909520074626,8.87309099232699e-15,1.08456473744674e-12,"SUSD5","sushi domain containing 5"
"ENSG00000138495",1230.67088770221,1.17029735604131,0.158173651238899,1.20849530249739e-14,1.42244373012471e-12,"COX17","cytochrome c oxidase copper chaperone COX17"
"ENSG00000204767",185.776873138819,-1.58308222574034,0.216215119406464,1.64634132672135e-14,1.86531872800658e-12,"INSYN2B","inhibitory synaptic factor family member 2B"
"ENSG00000265972",120.170871356746,1.86154394157259,0.254594665979872,1.70214736035843e-14,1.86531872800658e-12,"TXNIP","thioredoxin interacting protein"
"ENSG00000116574",360.36718385449,1.49213915178041,0.204792546596556,2.25802501411106e-14,2.39200116494832e-12,"RHOU","ras homolog family member U"
"ENSG00000165757",1368.30912699324,-1.02313349500104,0.140325406959204,3.04516375869425e-14,3.12178400810655e-12,"JCAD","junctional cadherin 5 associated"
"ENSG00000111885",265.909368646631,1.54133393223485,0.216965261229327,8.33866445401869e-14,8.28133613589731e-12,"MAN1A1","mannosidase alpha class 1A member 1"
"ENSG00000078401",627.42373220777,-1.24645856289676,0.177052016681862,1.51879240537602e-13,1.45896675572248e-11,"EDN1","endothelin 1"
"ENSG00000243725",711.087278184103,-1.0501927841886,0.148684816036583,1.56088325030096e-13,1.45896675572248e-11,"TTC4","tetratricopeptide repeat domain 4"
"ENSG00000179111",73.7896728774859,-2.2835275543858,0.330653125771021,3.10785246446886e-13,2.82193003773773e-11,"HES7","hes family bHLH transcription factor 7"
"ENSG00000078081",120.386048418225,2.04093184588831,0.296833730692667,3.37418246520389e-13,2.97865329844943e-11,"LAMP3","lysosomal associated membrane protein 3"
"ENSG00000006210",107.820701574607,-1.81690713984313,0.266885615976689,6.17996095581721e-13,5.30808538313165e-11,"CX3CL1","C-X3-C motif chemokine ligand 1"
"ENSG00000123595",395.277509623655,1.27951799097448,0.188666478547228,9.24471395850762e-13,7.73150025266769e-11,"RAB9A","RAB9A, member RAS oncogene family"
"ENSG00000198435",393.551968254523,-1.18293445460348,0.174735350470517,1.07341799023282e-12,8.74698044348691e-11,"NRARP","NOTCH regulated ankyrin repeat protein"
"ENSG00000006047",669.750711864482,-1.30380729888346,0.194048693638638,1.38073327824657e-12,1.0969925895669e-10,"YBX2","Y-box binding protein 2"
"ENSG00000179051",3374.19057363651,-0.773976782295324,0.116146937984293,3.93553943153746e-12,3.05052300327465e-10,"RCC2","regulator of chromosome condensation 2"
"ENSG00000170439",56.8326063371717,2.79094869651355,0.434070424957568,7.98762426730986e-12,6.04396902893113e-10,"TMT1B","thiol methyltransferase 1B"
"ENSG00000122862",607.673093441257,1.14941922218543,0.177479484918881,8.36931314690448e-12,6.1855063211308e-10,"SRGN","serglycin"
"ENSG00000169895",1378.17328994695,0.942694002400681,0.146077633344498,1.21682597222453e-11,8.78880213574898e-10,"SYAP1","synapse associated protein 1"
"ENSG00000271303",2300.65240801722,0.728407496721128,0.112346741155974,1.46291114162404e-11,1.03314035735138e-09,"SRXN1","sulfiredoxin 1"
"ENSG00000053372",1596.4290791064,-0.806431243858585,0.125263155949161,1.64971402064845e-11,1.13973720817843e-09,"MRTO4","MRT4 homolog, ribosome maturation factor"
"ENSG00000198934",50.7861542816515,2.48242211249932,0.39479678984809,2.05326211623976e-11,1.38835468200212e-09,"MAGEE1","MAGE family member E1"
"ENSG00000258986",31.8360525722266,3.62114797429489,0.580440699062608,3.80413579899267e-11,2.51865491024973e-09,"TMEM179","transmembrane protein 179"
"ENSG00000176692",248.707499072803,-1.54033581741673,0.248995155276247,4.04957257477652e-11,2.62643706992648e-09,"FOXC2","forkhead box C2"
"ENSG00000205795",166.894481586015,1.35551927848941,0.219415832843007,4.86960763762921e-11,3.09512261447713e-09,"CYS1","cystin 1"
"ENSG00000105204",1633.0376861895,0.988114687439067,0.160847465964141,8.36748626752352e-11,5.21409242317446e-09,"DYRK1B","dual specificity tyrosine phosphorylation regulated kinase 1B"
"ENSG00000065518",2582.03504557061,0.832291477819998,0.136411477338775,1.3876103278618e-10,8.48043388835541e-09,"NDUFB4","NADH:ubiquinone oxidoreductase subunit B4"
"ENSG00000134107",1995.7848216653,-0.734507849342886,0.120383759522169,1.62236858294505e-10,9.72808935207427e-09,"BHLHE40","basic helix-loop-helix family member e40"
"ENSG00000075643",213.155908478517,1.22530749544063,0.204588458288688,1.70573095047272e-10,9.99996814717607e-09,"MOCOS","molybdenum cofactor sulfurase"
"ENSG00000137331",2422.48699597455,-0.736109268804333,0.120809129672359,1.73064269381587e-10,9.99996814717607e-09,"IER3","immediate early response 3"
"ENSG00000138166",809.184159317731,0.882875457283175,0.147462976037916,2.57592822667128e-10,1.46183926863595e-08,"DUSP5","dual specificity phosphatase 5"
"ENSG00000174004",197.356990540978,1.53076923805567,0.263058753617279,3.90014836091671e-10,2.1745037703497e-08,"NRROS","negative regulator of reactive oxygen species"
"ENSG00000125657",117.218639718378,-1.57225289184277,0.272502544216508,5.19977505421869e-10,2.84911812453569e-08,"TNFSF9","TNF superfamily member 9"
"ENSG00000114446",741.83072727496,0.998052120937927,0.171400347528545,5.80758428730695e-10,3.12822082458669e-08,"IFT57","intraflagellar transport 57"
"ENSG00000082497",22.9885014821487,-8.61655748125052,2.81181137518034,8.23020827832433e-10,4.35926698475245e-08,"SERTAD4","SERTA domain containing 4"
"ENSG00000157870",154.035434659036,-1.58179802305407,0.282081360737112,1.28009136509803e-09,6.66906616111726e-08,"PRXL2B","peroxiredoxin like 2B"
"ENSG00000101000",568.634016536706,-0.86236026584368,0.150985992210017,1.35751437412653e-09,6.95835593705501e-08,"PROCR","protein C receptor"
"ENSG00000196368",704.821350970272,-0.901146448456738,0.159870895877207,1.97647667944507e-09,9.97022680520067e-08,"NUDT11","nudix hydrolase 11"
"ENSG00000232040",19.5201011487384,-8.34990082272525,2.77303387956188,2.05565872747418e-09,1.0207630368614e-07,"SCAND3","SCAN domain containing 3"
"ENSG00000240771",185.034364236787,1.21908324969712,0.221091416534652,2.73256543063328e-09,1.33601429823886e-07,"ARHGEF25","Rho guanine nucleotide exchange factor 25"
"ENSG00000105376",141.630928895484,-1.47635504736659,0.270246575244344,3.07203893975819e-09,1.47923329553811e-07,"ICAM5","intercellular adhesion molecule 5"
"ENSG00000162377",849.097729172052,-0.742692622997193,0.132552518486699,3.20554265420523e-09,1.52047978433794e-07,"COA7","cytochrome c oxidase assembly factor 7"
"ENSG00000205363",33.2765592377067,4.44051152446334,0.833740685005387,3.44290771748445e-09,1.60905304796553e-07,"INSYN1","inhibitory synaptic factor 1"
"ENSG00000102931",1131.37224124149,0.920187979202926,0.167061187073111,4.09429896958309e-09,1.88575103265725e-07,"ARL2BP","ARF like GTPase 2 binding protein"
"ENSG00000163661",907.310214543941,0.773730146996643,0.140116671448991,4.79487689676786e-09,2.17687411113261e-07,"PTX3","pentraxin 3"
"ENSG00000177383",525.934920438857,0.846126619748477,0.155857915089079,7.16868236657901e-09,3.20874261422367e-07,"MAGEF1","MAGE family member F1"
"ENSG00000149428",4490.88637251496,0.875671906118609,0.162338451008719,8.23392850258008e-09,3.63436455294438e-07,"HYOU1","hypoxia up-regulated 1"
"ENSG00000143862",697.625853195299,0.824600661710498,0.152647315451282,8.54612855723087e-09,3.72049267875064e-07,"ARL8A","ARF like GTPase 8A"
"ENSG00000108639",1334.22078130089,0.854196913401125,0.158823612475167,9.39481431316157e-09,4.03469187665236e-07,"SYNGR2","synaptogyrin 2"
"ENSG00000106123",166.920076858786,-5.11992220755178,1.05595559427473,1.22846926804378e-08,5.2054337784575e-07,"EPHB6","EPH receptor B6"
"ENSG00000249242",56.7016181434452,2.1744557801943,0.426470358149901,1.45070030815716e-08,6.06621786753086e-07,"TMEM150C","transmembrane protein 150C"
"ENSG00000100889",565.611540728192,0.909738705613541,0.172450709190221,1.49330291500526e-08,6.16326839465807e-07,"PCK2","phosphoenolpyruvate carboxykinase 2, mitochondrial"
"ENSG00000120149",262.529232860213,0.950172088950137,0.182141885879179,1.92561216260098e-08,7.80804649957274e-07,"MSX2","msh homeobox 2"
"ENSG00000197822",236.65025325966,-1.39529081851465,0.272159471736082,1.94095554898127e-08,7.80804649957274e-07,"OCLN","occludin"
"ENSG00000166454",1411.04751018001,0.726032776144475,0.137461800131091,2.04153453171027e-08,8.10999592721905e-07,"ATMIN","ATM interactor"
"ENSG00000168209",2401.84226335002,0.802438161108555,0.153126791330594,2.16230178341274e-08,8.48369761442677e-07,"DDIT4","DNA damage inducible transcript 4"
"ENSG00000124766",1439.77986604716,-0.70527109461809,0.134519462098986,2.58946069956966e-08,1.00357391502834e-06,"SOX4","SRY-box transcription factor 4"
"ENSG00000257529",1590.40594926939,-0.724582209039624,0.138542470133991,2.65646000107155e-08,1.01713613053077e-06,"RPL36A-HNRNPH2","RPL36A-HNRNPH2 readthrough"
"ENSG00000139178",219.248403681814,1.53617253631167,0.304955866299236,2.75855163359268e-08,1.04365203470923e-06,"C1RL","complement C1r subcomponent like"
"ENSG00000256229",25.029648502782,-6.057990542534,1.10759917506102,2.90806544557899e-08,1.0872743513e-06,"ZNF486","zinc finger protein 486"
"ENSG00000142619",82.7633155537996,-1.74933777375754,0.34912701135005,3.2073977575952e-08,1.18524535739972e-06,"PADI3","peptidyl arginine deiminase 3"
"ENSG00000144355",78.2903791010305,-1.5359189159263,0.30690535870202,3.49722728664528e-08,1.27749290999525e-06,"DLX1","distal-less homeobox 1"
"ENSG00000227051",66.6856199099969,-1.64674183781238,0.330057078459879,3.78373760834426e-08,1.3664452408316e-06,"C14orf132","chromosome 14 open reading frame 132"
"ENSG00000181467",2536.09056255311,0.642217331265312,0.123792309958795,4.24247111489196e-08,1.51489586551985e-06,"RAP2B","RAP2B, member of RAS oncogene family"
"ENSG00000198846",13.9244861593549,-7.71876360444955,2.73096593661217,5.31554405105643e-08,1.87697766602859e-06,"TOX","thymocyte selection associated high mobility group box"
"ENSG00000117115",4914.91478014976,-0.60601398823663,0.117772067596925,5.55120017901866e-08,1.93864990867267e-06,"PADI2","peptidyl arginine deiminase 2"
"ENSG00000169213",521.517849323618,-0.919286593782832,0.184443379775099,6.66694995888472e-08,2.3029964097104e-06,"RAB3B","RAB3B, member RAS oncogene family"
"ENSG00000121743",432.671939491783,-0.842560249122209,0.168579923860546,7.02536413037202e-08,2.40071045229272e-06,"GJA3","gap junction protein alpha 3"
"ENSG00000112852",113.32001341985,1.32678834183001,0.275208238039631,1.00847297961506e-07,3.40949694597517e-06,"PCDHB2","protocadherin beta 2"
"ENSG00000184584",115.216889777021,1.29826165628684,0.270177857619479,1.12470908808229e-07,3.76244787571107e-06,"STING1","stimulator of interferon response cGAMP interactor 1"
"ENSG00000168672",114.660541871478,-1.43435005648998,0.301439807682463,1.25623830614335e-07,4.15867222596206e-06,"LRATD2","LRAT domain containing 2"
"ENSG00000163428",3224.52286524794,1.0263164656753,0.213447421123743,1.41136048699212e-07,4.62402435841336e-06,"LRRC58","leucine rich repeat containing 58"
"ENSG00000276043",2795.49903975702,-0.801146475497356,0.166106546508014,1.84642308959099e-07,5.98768630481649e-06,"UHRF1","ubiquitin like with PHD and ring finger domains 1"
"ENSG00000182118",45.774830242776,-1.86866869506509,0.403217721807627,2.08409695026639e-07,6.69016172519858e-06,"FAM89A","family with sequence similarity 89 member A"
"ENSG00000078747",233.064870406053,-1.55177396583172,0.335404145430835,2.18660243023573e-07,6.94902252328916e-06,"ITCH","itchy E3 ubiquitin protein ligase"
"ENSG00000130770",836.057698131109,-0.777706547766597,0.162758667965523,2.42964164310287e-07,7.64495162552567e-06,"ATP5IF1","ATP synthase inhibitory factor subunit 1"
"ENSG00000147027",12.2261523854042,-7.44103380391191,2.73509440942069,3.00834953502837e-07,9.31049508858299e-06,"TMEM47","transmembrane protein 47"
"ENSG00000205940",12.0153865780993,-7.41634887811607,2.72865862539087,3.01756134085604e-07,9.31049508858299e-06,"HSP90AB2P","heat shock protein 90 alpha family class B member 2, pseudogene"
"ENSG00000111981",114.84686550656,1.37318463285915,0.299408345303306,3.09161058262498e-07,9.44724849190595e-06,"ULBP1","UL16 binding protein 1"
"ENSG00000140379",114.649583586863,-1.28463102013829,0.282169189685007,3.78992548340355e-07,1.14708411297681e-05,"BCL2A1","BCL2 related protein A1"
"ENSG00000076641",254.295085539114,-0.860137358823788,0.1882492610078,5.70745077406388e-07,1.69759390041449e-05,"PAG1","phosphoprotein membrane anchor with glycosphingolipid microdomains 1"
"ENSG00000181788",656.223681188428,0.726354203844589,0.156946333283661,5.71562452310731e-07,1.69759390041449e-05,"SIAH2","siah E3 ubiquitin protein ligase 2"
"ENSG00000163808",941.349619580399,-0.69650933432301,0.150461874187964,5.99705096413013e-07,1.76468777444496e-05,"KIF15","kinesin family member 15"
"ENSG00000154174",3034.1360135776,0.803330572370668,0.175626180273744,6.38377596081769e-07,1.86125137646593e-05,"TOMM70","translocase of outer mitochondrial membrane 70"
"ENSG00000235109",133.198413583009,1.20111694739191,0.269806408308018,6.61195769781479e-07,1.91025468760504e-05,"ZSCAN31","zinc finger and SCAN domain containing 31"
"ENSG00000121879",1426.04421774544,0.887102908101336,0.196615619738781,7.22164623311068e-07,2.06760285845277e-05,"PIK3CA","phosphatidylinositol-4,5-bisphosphate 3-kinase catalytic subunit alpha"
"ENSG00000005001",159.087705334123,1.02752891367115,0.230830641231239,7.75156032990835e-07,2.1995052436115e-05,"PRSS22","serine protease 22"
"ENSG00000239887",569.15527082614,0.7292334644455,0.160155100163393,8.10572744558277e-07,2.27964617894354e-05,"C1orf226","chromosome 1 open reading frame 226"
"ENSG00000099194",21209.6199578838,0.590145473878802,0.127738808015488,8.66727705771917e-07,2.41619355170452e-05,"SCD","stearoyl-CoA desaturase"
"ENSG00000167703",152.277302860714,-1.3071633790757,0.300495431083474,9.25701576068968e-07,2.55815618151929e-05,"SLC43A2","solute carrier family 43 member 2"
"ENSG00000128165",149.721290284218,1.07635381675321,0.245635833501257,1.02007652123297e-06,2.79465791765378e-05,"ADM2","adrenomedullin 2"
"ENSG00000277443",4688.70822826575,-0.633275521608806,0.140310763751151,1.22408303253911e-06,3.32490245932418e-05,"MARCKS","myristoylated alanine rich protein kinase C substrate"
"ENSG00000266094",85.9085481393305,1.43376652390554,0.337704857959222,1.32125765502895e-06,3.55843798956103e-05,"RASSF5","Ras association domain family member 5"
"ENSG00000111962",16.1388691770613,-3.57912031326519,0.828372402558022,1.3483571835904e-06,3.60090683147084e-05,"UST","uronyl 2-sulfotransferase"
"ENSG00000174173",1181.91397936519,0.88677468009052,0.203329983980016,1.43634351788328e-06,3.80391641652755e-05,"TRMT10C","tRNA methyltransferase 10C, mitochondrial RNase P subunit"
"ENSG00000145569",369.730612807918,-0.961380037867622,0.222177506324445,1.4572808308986e-06,3.80922814837816e-05,"OTULINL","OTU deubiquitinase with linear linkage specificity like"
"ENSG00000292227",662.663764978588,-0.687108817872065,0.15461194627185,1.46232169320999e-06,3.80922814837816e-05,"LOC102724250","neuroblastoma breakpoint family member 1-like"
"ENSG00000163762",2440.4424195084,0.719180898885611,0.16294759610688,1.59015046348949e-06,4.10853509997528e-05,"TM4SF18","transmembrane 4 L six family member 18"
"ENSG00000158246",269.971148444067,-1.11833899290208,0.262729605192748,1.65715440773638e-06,4.24712637724694e-05,"TENT5B","terminal nucleotidyltransferase 5B"
"ENSG00000221867",27.7426325921805,-2.29932474061408,0.554926347888583,1.72733452665287e-06,4.39157530056226e-05,"MAGEA3","MAGE family member A3"
"ENSG00000221867",27.7426325921805,-2.29932474061408,0.554926347888583,1.72733452665287e-06,4.39157530056226e-05,"MAGEA6","MAGE family member A6"
"ENSG00000198681",35.6709600825164,1.91310499223,0.467907301197785,2.4264323623491e-06,6.12000162503608e-05,"MAGEA1","MAGE family member A1"
"ENSG00000163961",966.347474910513,0.602955846078622,0.138492917506018,2.82718084845272e-06,7.07463050108879e-05,"RNF168","ring finger protein 168"
"ENSG00000183020",763.939435847189,-0.874177172307604,0.208262460893472,2.93994753321186e-06,7.29933848480257e-05,"AP2A2","adaptor related protein complex 2 subunit alpha 2"
"ENSG00000125945",501.23237948698,-0.752399413009806,0.176966862864841,2.98595273420769e-06,7.35609130954421e-05,"ZNF436","zinc finger protein 436"
"ENSG00000198899",41700.4577709059,0.61506730278737,0.141681496454824,3.00929795596717e-06,7.35657608004896e-05,"MT-ATP6","ATP synthase F0 subunit 6"
"ENSG00000162040",20.3875327461275,-2.97313883984136,0.737859189933388,3.07265588533588e-06,7.45412244549421e-05,"HS3ST6","heparan sulfate-glucosamine 3-sulfotransferase 6"
"ENSG00000139194",37.8999975526886,1.95690748356349,0.48867078464553,3.11228962522362e-06,7.49307305224294e-05,"RBP5","retinol binding protein 5"
"ENSG00000130772",293.083844565847,-0.794465706540012,0.188510635500103,3.22969723190235e-06,7.71727654359824e-05,"MED18","mediator complex subunit 18"
"ENSG00000144063",6150.53662683037,0.464254005294156,0.104981471374918,3.2692196506126e-06,7.75341794749763e-05,"MALL","mal, T cell differentiation protein like"
"ENSG00000144063",6150.53662683037,0.464254005294156,0.104981471374918,3.2692196506126e-06,7.75341794749763e-05,"LOC128966597","MAL-like protein"
"ENSG00000157184",333.783687789478,-0.808026226451256,0.192609117260269,3.40915857867979e-06,8.00559179839688e-05,"CPT2","carnitine palmitoyltransferase 2"
"ENSG00000179041",1697.97137481983,0.526435023402315,0.120630792673948,3.42592978156695e-06,8.00559179839688e-05,"RRS1","regulator of ribosome synthesis 1"
"ENSG00000196639",285.282687619925,-0.792501054552565,0.188975519630158,3.5159879962078e-06,8.15606558536379e-05,"HRH1","histamine receptor H1"
"ENSG00000145779",171.646697940477,-0.939678506749555,0.228088799644399,3.76814925071925e-06,8.6776654483955e-05,"TNFAIP8","TNF alpha induced protein 8"
"ENSG00000068079",244.337993087317,0.807679120594137,0.193500880130362,3.81642435724338e-06,8.725609070014e-05,"IFI35","interferon induced protein 35"
"ENSG00000139182",129.121725447258,1.12263422540329,0.279520544226171,4.57055199493044e-06,0.000103374061199613,"CLSTN3","calsyntenin 3"
"ENSG00000162078",148.403207996084,0.95207374337925,0.233827632336083,4.5864514251559e-06,0.000103374061199613,"ZG16B","zymogen granule protein 16B"
"ENSG00000203727",30.1449825022072,-2.09501211849362,0.53555179400838,4.68714141394764e-06,0.000104899545165673,"SAMD5","sterile alpha motif domain containing 5"
"ENSG00000138623",242.04551516818,-0.89849609035077,0.220546041566512,4.86829244091737e-06,0.000108191841798849,"SEMA7A","semaphorin 7A (JohnMiltonHagen blood group)"
"ENSG00000179833",1775.85975337618,0.582242916731986,0.137942813492627,5.44057500290661e-06,0.000120070467772481,"SERTAD2","SERTA domain containing 2"
"ENSG00000172137",64.233418891396,1.47714842687491,0.378537680703882,5.78987478724769e-06,0.000126898083268091,"CALB2","calbindin 2"
"ENSG00000169045",2504.50366977448,-0.637266289053718,0.152522666242135,6.06723547117925e-06,0.000131167852567399,"HNRNPH1","heterogeneous nuclear ribonucleoprotein H1"
"ENSG00000223496",686.751882151532,0.66670816730973,0.160994505192818,6.04493583008224e-06,0.000131167852567399,"EXOSC6","exosome component 6"
"ENSG00000168899",104.866396910899,1.11693608994438,0.282365844526084,6.12412133277404e-06,0.000131503091861864,"VAMP5","vesicle associated membrane protein 5"
"ENSG00000176678",245.472381895159,-0.92785589496568,0.232315005721285,6.3072890619747e-06,0.000134527279456078,"FOXL1","forkhead box L1"
"ENSG00000206503",5408.94008326544,0.652481397987644,0.15776697014678,6.47666900978572e-06,0.00013721902742066,"HLA-A","major histocompatibility complex, class I, A"
"ENSG00000196981",279.526789805083,0.855161306103561,0.212443236812787,6.53729112930854e-06,0.000137586166946639,"WDR5B","WD repeat domain 5B"
"ENSG00000130700",50.8921685018986,-1.57795877945686,0.414838589774805,8.08713051588363e-06,0.000167175633032042,"GATA5","GATA binding protein 5"
"ENSG00000204516",1119.63049597164,-0.534977108554959,0.128587828554187,8.10102186498881e-06,0.000167175633032042,"MICB","MHC class I polypeptide-related sequence B"
"ENSG00000228253",21044.3827011451,0.748859263755344,0.185970939260216,8.0777341194124e-06,0.000167175633032042,"MT-ATP8","ATP synthase F0 subunit 8"
"ENSG00000254726",390.791482440578,-0.696226665444088,0.173089484471335,9.06947043094957e-06,0.000185953400190695,"MEX3A","mex-3 RNA binding family member A"
"ENSG00000174332",7.93629728719473,-6.54464000113315,2.70952845505701,1.00349781486119e-05,0.000204430516386466,"GLIS1","GLIS family zinc finger 1"
"ENSG00000183943",354.094145938377,-0.800917842410813,0.203707743040863,1.02399040008053e-05,0.000207276528118211,"PRKX","protein kinase cAMP-dependent X-linked catalytic subunit"
"ENSG00000177283",24.936047563421,-2.61906180351074,0.71424507097286,1.12518018622711e-05,0.00022631788809049,"FZD8","frizzled class receptor 8"
"ENSG00000167653",151.039680827237,1.01789897256104,0.265829014711348,1.14851844527337e-05,0.000228124476192422,"PSCA","prostate stem cell antigen"
"ENSG00000176444",524.837712422022,-0.641030137366014,0.160142430387827,1.14620482652662e-05,0.000228124476192422,"CLK2","CDC like kinase 2"
"ENSG00000244462",3114.47993773165,-0.541347747349634,0.132516006666445,1.16259612195375e-05,0.000229486364942175,"RBM12","RNA binding motif protein 12"
"ENSG00000104967",83.7691675566997,1.22034344469174,0.325021539673571,1.19238611620951e-05,0.000233913770204557,"NOVA2","NOVA alternative splicing regulator 2"
"ENSG00000125944",6294.25167229081,-0.531401797523729,0.131113438016426,1.2996342235184e-05,0.000253388807505611,"HNRNPR","heterogeneous nuclear ribonucleoprotein R"
"ENSG00000142408",3530.25435123917,0.44944303217969,0.109316925259257,1.36264056986983e-05,0.000264053154332092,"CACNG8","calcium voltage-gated channel auxiliary subunit gamma 8"
"ENSG00000198855",174.575392391867,0.869443003957665,0.22677956460557,1.38739601157501e-05,0.000267220880290024,"FICD","FIC domain protein adenylyltransferase"
"ENSG00000004478",2207.82992072386,-0.4797928724828,0.11797669671303,1.46027255546857e-05,0.000279563022968621,"FKBP4","FKBP prolyl isomerase 4"
"ENSG00000137868",56.1073991297548,-1.31687851506151,0.361628629203977,1.70592925001354e-05,0.000324637314763055,"STRA6","signaling receptor and transporter of retinol STRA6"
"ENSG00000225614",221.452659833872,1.14752605720038,0.311590073229468,1.71817943299061e-05,0.000325022276074057,"ZNF469","zinc finger protein 469"
"ENSG00000174327",237.393342451778,0.835571975180961,0.220174854880388,1.73056069227009e-05,0.000325427330179547,"SLC16A13","solute carrier family 16 member 13"
"ENSG00000079257",2996.93103101739,0.576204143023052,0.145924584159033,1.76719486986724e-05,0.000330361488025771,"LXN","latexin"
"ENSG00000064195",79.4933325743538,1.14482735394484,0.317622280343174,2.35665665918256e-05,0.000437979816542817,"DLX3","distal-less homeobox 3"
"ENSG00000221963",939.221928917988,0.683326912593528,0.180634733151513,2.53303082165162e-05,0.000468021625070282,"APOL6","apolipoprotein L6"
"ENSG00000213672",384.929209013294,-0.667675710275592,0.178110253442772,2.96782821027887e-05,0.000545188326720592,"NCKIPSD","NCK interacting protein with SH3 domain"
"ENSG00000043591",208.827757446403,-0.779880403700395,0.212426536382774,3.0627792746729e-05,0.000559397272121291,"ADRB1","adrenoceptor beta 1"
"ENSG00000157881",303.906653301486,-0.758465716148089,0.206077920392585,3.09895048117758e-05,0.000562769407381849,"PANK4","pantothenate kinase 4 (inactive)"
"ENSG00000235961",83.7262188394113,1.17905983087334,0.335145107248508,3.12355160604586e-05,0.000564014034318962,"PNMA6A","PNMA family member 6A"
"ENSG00000235961",83.7262188394113,1.17905983087334,0.335145107248508,3.12355160604586e-05,0.000564014034318962,"LOC128966702","paraneoplastic antigen-like protein 6A"
"ENSG00000189060",5824.40482973515,0.4236701089712,0.108668711590873,3.34424090755424e-05,0.000600451842045615,"H1-0","H1.0 linker histone"
"ENSG00000231274",90.9723054665891,1.10589711719498,0.315613439483312,3.41322049868479e-05,0.000609394086787656,"SBK3","SH3 domain binding kinase family member 3"
"ENSG00000198886",103908.734882948,0.516717605939912,0.134714420374883,3.62089355938609e-05,0.000642860320208324,"MT-ND4","NADH dehydrogenase subunit 4"
"ENSG00000291237",3784.25493647803,0.464643862707647,0.120313441122742,3.70046899430177e-05,0.000653338359105056,"SOD2","superoxide dismutase 2"
"ENSG00000034713",1066.15315845721,0.597780377547203,0.159592690395849,3.73270474149908e-05,0.000655388710965971,"GABARAPL2","GABA type A receptor associated protein like 2"
"ENSG00000160932",835.456146970668,0.685838179508538,0.186530681499061,3.80348760852938e-05,0.000655556238541027,"LY6E","lymphocyte antigen 6 family member E"
"ENSG00000161013",4331.53830042393,0.563744882706618,0.149552269273408,3.78894995418083e-05,0.000655556238541027,"MGAT4B","alpha-1,3-mannosyl-glycoprotein 4-beta-N-acetylglucosaminyltransferase B"
"ENSG00000172840",932.789474492599,0.603096482112216,0.161327661911815,3.75565606359407e-05,0.000655556238541027,"PDP2","pyruvate dehydrogenase phosphatase catalytic subunit 2"
"ENSG00000198888",55524.2371165944,0.485658155669038,0.129839183031963,3.81617067747294e-05,0.000655556238541027,"MT-ND1","NADH dehydrogenase subunit 1"
"ENSG00000184845",201.366882626807,-0.76124896277056,0.210716875765979,3.9891933459039e-05,0.000681594432972183,"DRD1","dopamine receptor D1"
"ENSG00000144909",1064.08643402003,0.56180514629115,0.149906950537331,4.13235725760233e-05,0.000702279752120867,"OSBPL11","oxysterol binding protein like 11"
"ENSG00000204186",386.906792630939,0.723892164361893,0.200165834883525,4.3637107762362e-05,0.000737652811004183,"ZDBF2","zinc finger DBF-type containing 2"
"ENSG00000204592",2479.84337477939,0.479878800003888,0.126229889356061,4.47391701850045e-05,0.000752280861629335,"HLA-E","major histocompatibility complex, class I, E"
"ENSG00000184163",169.680530762256,-1.02720616141825,0.299042018076861,4.82302041845801e-05,0.000806713625782081,"C1QTNF12","C1q and TNF related 12"
"ENSG00000166794",4929.89911624704,0.466887891847006,0.123610366648513,5.10285306284952e-05,0.000849050630038523,"PPIB","peptidylprolyl isomerase B"
"ENSG00000102921",653.697907195091,0.586049880430905,0.159656580439085,5.17154969985823e-05,0.000855999215945285,"N4BP1","NEDD4 binding protein 1"
"ENSG00000173432",14.664812455551,2.50937747380403,0.783808667961659,6.12471266128909e-05,0.00100851486205061,"SAA1","serum amyloid A1"
"ENSG00000244509",630.541044195441,0.530322569225388,0.144598497189952,6.2722630544406e-05,0.00102748721582537,"APOBEC3C","apolipoprotein B mRNA editing enzyme catalytic subunit 3C"
"ENSG00000265763",275.669526638552,-0.692374019334205,0.19651819646592,6.55933931162196e-05,0.0010690041196069,"ZNF488","zinc finger protein 488"
"ENSG00000198727",50532.5329657432,0.484846816945502,0.131249627091517,6.629820044883e-05,0.00107497796442032,"MT-CYB","cytochrome b"
"ENSG00000185798",417.116164721875,0.630496414286904,0.176733788613653,6.67946838948256e-05,0.00107753048435409,"WDR53","WD repeat domain 53"
"ENSG00000183114",11.0527760217561,-4.3463803045735,1.24949507180194,7.25006879168343e-05,0.00116367265757424,"FAM43B","family with sequence similarity 43 member B"
"ENSG00000196449",375.809300911652,-0.586063163563704,0.164723180046175,7.82406310586569e-05,0.00124949108293674,"YRDC","yrdC N6-threonylcarbamoyltransferase domain containing"
"ENSG00000203778",203.772978067193,-0.81610115531971,0.241002159915022,8.09751696375493e-05,0.00128669544554066,"FAM229B","family with sequence similarity 229 member B"
"ENSG00000230797",103.428297662919,0.999126819521646,0.30266444596027,8.18351924393529e-05,0.00128748634441715,"YY2","YY2 transcription factor"
"ENSG00000276709",641.412807904724,-0.568054474157281,0.159577055565545,8.15772631973388e-05,0.00128748634441715,"LOC124900586","putative pyridoxal-dependent decarboxylase domain-containing protein 2"
"ENSG00000171223",537.925824293912,-0.808886348951989,0.239530977915989,8.4593390477057e-05,0.00132432411298565,"JUNB","JunB proto-oncogene, AP-1 transcription factor subunit"
"ENSG00000198680",8.38466721577528,-4.68584769577876,1.51059213345167,8.86249258857905e-05,0.00138063732580903,"TUSC1","tumor suppressor candidate 1"
"ENSG00000243232",346.826905073413,0.871788935590218,0.263077257173132,9.29372744750035e-05,0.00144075443064176,"PCDHAC2","protocadherin alpha subfamily C, 2"
"ENSG00000198938",60918.4805824249,0.470551933432323,0.129223177713678,0.000101029462638782,0.00155860015663131,"MT-CO3","cytochrome c oxidase subunit III"
"ENSG00000248919",163.594849540968,-0.80147460903074,0.241074558506627,0.000103693271707739,0.00159196723423765,"ATP5MF-PTCD1","ATP5MF-PTCD1 readthrough"
"ENSG00000173581",340.129803022539,-0.663162482246848,0.194344694224868,0.000105841440025302,0.00161713507884813,"CCDC106","coiled-coil domain containing 106"
"ENSG00000179431",553.017539872867,-0.660314886952942,0.193982862489681,0.000107281634091512,0.00163129680929581,"FJX1","four-jointed box kinase 1"
"ENSG00000212907",35375.6234903496,0.502155634085083,0.14173527694061,0.00011445713734834,0.00173211801187155,"MT-ND4L","NADH dehydrogenase subunit 4L"
"ENSG00000185163",608.268063449166,-0.68438519831191,0.203474030253493,0.000118432109969752,0.00178377841461551,"DDX51","DEAD-box helicase 51"
"ENSG00000183684",1823.9225738481,-0.519417012398323,0.148461842548696,0.000121361732633868,0.00181928106750204,"ALYREF","Aly/REF export factor"
"ENSG00000166848",667.292831980172,0.519831478908036,0.149132897384266,0.000128516526316836,0.00190929389124693,"TERF2IP","TERF2 interacting protein"
"ENSG00000166848",667.292831980172,0.519831478908036,0.149132897384266,0.000128516526316836,0.00190929389124693,"LOC105371348","uncharacterized LOC105371348"
"ENSG00000280670",61.3167915643102,-1.32190788455545,0.431640709108171,0.000128567933520089,0.00190929389124693,"CCDC163","CCDC163 homolog"
"ENSG00000125148",12400.296178918,0.544871917017058,0.158058888499081,0.000138272945571001,0.00203440472696594,"MT2A","metallothionein 2A"
"ENSG00000142684",461.727621553053,-0.581889358846472,0.170819720809486,0.000137772874624737,0.00203440472696594,"ZNF593","zinc finger protein 593"
"ENSG00000117000",811.881181740254,-0.562456965979979,0.164566741493179,0.000140387315992968,0.0020559948858325,"RLF","RLF zinc finger"
"ENSG00000007968",340.493206014882,-0.669017082603733,0.201544138614332,0.000144695939455957,0.00210937475041757,"E2F2","E2F transcription factor 2"
"ENSG00000130766",356.971344215767,0.583261084404576,0.172652639187714,0.000153479756121191,0.00221708484069611,"SESN2","sestrin 2"
"ENSG00000183770",202.900255191881,0.778352173078032,0.241023828283934,0.000152806154507395,0.00221708484069611,"FOXL2","forkhead box L2"
"ENSG00000181222",7368.13083013537,-0.495073979092967,0.14375776109611,0.000161495395384898,0.00232231840060274,"POLR2A","RNA polymerase II subunit A"
"ENSG00000130176",13.4927633905026,-2.56599208192473,0.890275957634547,0.000166515708824384,0.00238372487677429,"CNN1","calponin 1"
"ENSG00000162545",128.756064269113,-0.830894500891513,0.26446610371406,0.000180541350809733,0.00257291664965619,"CAMK2N1","calcium/calmodulin dependent protein kinase II inhibitor 1"
"ENSG00000288920",1324.9754480476,-0.528821379158055,0.156834275680229,0.000185799087682533,0.00263602455649594,"RPSA2","ribosomal protein SA 2"
"ENSG00000165474",634.045719153361,0.548550248487576,0.163788914724598,0.000190281458402155,0.00267916461039569,"GJB2","gap junction protein beta 2"
"ENSG00000184524",74.9043610990752,-1.01582787044135,0.335013621999741,0.000190525865937516,0.00267916461039569,"CEND1","cell cycle exit and neuronal differentiation 1"
"ENSG00000132394",340.304726321965,0.770234816191396,0.243334834347149,0.000192422912806676,0.00269392077929347,"EEFSEC","eukaryotic elongation factor, selenocysteine-tRNA specific"
"ENSG00000102359",158.785770514261,0.851446630945794,0.275485808612069,0.000202145731165732,0.0028176277791434,"SRPX2","sushi repeat containing protein X-linked 2"
"ENSG00000278259",1597.25941796621,-0.484419797912866,0.144333654120445,0.000214315069500228,0.00297420651035688,"MYO19","myosin XIX"
"ENSG00000288864",184.52560900575,-0.728003680420714,0.230557064523314,0.000215670727927348,0.0029800068406657,"ARHGAP11A-SCG5","ARHGAP11A-SCG5 readthrough"
"ENSG00000180730",88.2393944293593,-0.99553264506933,0.333811527984917,0.000227625308345091,0.00313157242389913,"SHISA2","shisa family member 2"
"ENSG00000179546",303.912231617842,-0.578954749329518,0.177476077694299,0.000230055273107771,0.00315136059455386,"HTR1D","5-hydroxytryptamine receptor 1D"
"ENSG00000177606",1083.78096751679,-0.617263838441065,0.191491021484488,0.000231872228914718,0.00316261778322306,"JUN","Jun proto-oncogene, AP-1 transcription factor subunit"
"ENSG00000166710",5596.29565214024,0.486875222603351,0.145416220525748,0.00023718627726789,0.0032075659113079,"B2M","beta-2-microglobulin"
"ENSG00000247746",66.5105075543283,1.14007208294424,0.39187394092421,0.000236676891425703,0.0032075659113079,"USP51","ubiquitin specific peptidase 51"
"ENSG00000110328",188.955187335361,-0.766493268293679,0.248068845898776,0.000245776118730529,0.00329568145707013,"GALNT18","polypeptide N-acetylgalactosaminyltransferase 18"
"ENSG00000198796",13.1253212789192,-2.41747596415225,0.888597148332504,0.000245720069257048,0.00329568145707013,"ALPK2","alpha kinase 2"
"ENSG00000274750",14.715512275765,-2.44402275157012,0.940002258633342,0.000250745690743189,0.00334819245874728,"H3C6","H3 clustered histone 6"
"ENSG00000263513",60.3177189006141,-1.09683034668615,0.380047972115101,0.000269373862272963,0.00358188340712751,"FAM72C","family with sequence similarity 72 member C"
"ENSG00000263513",60.3177189006141,-1.09683034668615,0.380047972115101,0.000269373862272963,0.00358188340712751,"FAM72D","family with sequence similarity 72 member D"
"ENSG00000183751",944.987515280598,-0.628499622726363,0.198525303865706,0.000271632521034738,0.00359686729936832,"TBL3","transducin beta like 3"
"ENSG00000103187",8812.08246114218,0.418214926185779,0.120786659026596,0.000292803315031991,0.00386111591357539,"COTL1","coactosin like F-actin binding protein 1"
"ENSG00000204574",3424.88778844253,-0.365267494110683,0.107151503842058,0.000295476868804095,0.003880270615948,"ABCF1","ATP binding cassette subfamily F member 1"
"ENSG00000143067",290.50805338714,-0.58017611961947,0.182080215389353,0.000297057510710879,0.0038849743581859,"ZNF697","zinc finger protein 697"
"ENSG00000160888",1267.02623067956,-0.564615204726593,0.177765444990812,0.000322481367137013,0.00420018764246486,"IER2","immediate early response 2"
"ENSG00000277586",5.10656637365799,-0.276983916513303,0.534181847453794,0.000333651582845119,0.00432793767461955,"NEFL","neurofilament light chain"
"ENSG00000124249",104.64577494932,0.842356258414553,0.286289470514583,0.00033944747355983,0.00436746587438518,"KCNK15","potassium two pore domain channel subfamily K member 15"
"ENSG00000237649",2098.67530791757,-0.425914154665899,0.128853065882229,0.000339409786693196,0.00436746587438518,"KIFC1","kinesin family member C1"
"ENSG00000169105",621.887956905187,0.529686154785676,0.165844084368443,0.000346997385304031,0.00439936021453864,"CHST14","carbohydrate sulfotransferase 14"
"ENSG00000174013",1499.80596829727,0.644995410804233,0.209183142709124,0.000346184171166329,0.00439936021453864,"FBXO45","F-box protein 45"
"ENSG00000175938",233.857039893572,0.692445653285365,0.227384152997922,0.000344930177269905,0.00439936021453864,"ORAI3","ORAI calcium release-activated calcium modulator 3"
"ENSG00000196611",27.0402434829811,-1.66002965162398,0.624278808097337,0.000347463629279169,0.00439936021453864,"MMP1","matrix metallopeptidase 1"
"ENSG00000145040",11.5140433852727,-2.41437252086753,0.905821967195735,0.000359764501791043,0.00453703010592038,"UCN2","urocortin 2"
"ENSG00000186212",29.3504374855135,1.55622986394457,0.584568067318536,0.000369961917578609,0.00464718962080957,"SOWAHB","sosondowah ankyrin repeat domain family member B"
"ENSG00000167676",112.502299483742,0.933056218157094,0.330564253220579,0.00041033265548556,0.00513400464225634,"PLIN4","perilipin 4"
"ENSG00000109436",613.175269387198,0.533476995160643,0.170431717183895,0.00042437183739116,0.00528883803619257,"TBC1D9","TBC1 domain family member 9"
"ENSG00000188211",306.8508207387,-0.532312273456433,0.171309938447614,0.000452238399254819,0.00561411575324928,"NCR3LG1","natural killer cell cytotoxicity receptor 3 ligand 1"
"ENSG00000184489",150.594842215977,0.788560388855716,0.2740920585532,0.000458439275541036,0.00566894948509499,"PTP4A3","protein tyrosine phosphatase 4A3"
"ENSG00000174579",1233.7299061539,0.572656310616362,0.18724257096578,0.000468607535941425,0.0057722277101622,"MSL2","MSL complex subunit 2"
"ENSG00000183496",76.7234762861306,-0.882315792433403,0.31568615213823,0.00048307066343274,0.00592740759995848,"MEX3B","mex-3 RNA binding family member B"
"ENSG00000070761",571.604028009655,0.468222753006863,0.148309904509025,0.00049002308982676,0.00598958992103631,"CFAP20","cilia and flagella associated protein 20"
"ENSG00000119227",87.7435860480629,0.951801033770267,0.347131210336013,0.000493561653810806,0.0060097277234128,"PIGZ","phosphatidylinositol glycan anchor biosynthesis class Z (Gwada blood group)"
"ENSG00000204348",145.118925340382,1.01125290615521,0.374231609376657,0.000501518458520676,0.00608330405030041,"DXO","decapping exoribonuclease"
"ENSG00000215784",642.977786832444,-0.539378960194922,0.176833513114331,0.000525257521680522,0.00634702815171368,"FAM72D","family with sequence similarity 72 member D"
"ENSG00000243566",41.1456638802374,1.17566825105218,0.453596524777948,0.00055784570387504,0.00671527896558666,"UPK3B","uroplakin 3B"
"ENSG00000275740",232.738287031056,-0.829767985942297,0.299764724502616,0.00056978614442575,0.00683313346032088,"RBM27-POU4F3","RBM27-POU4F3 readthrough"
"ENSG00000183161",288.158185041336,0.562972911926815,0.187303078032341,0.00057374693215487,0.00685476597890291,"FANCF","FA complementation group F"
"ENSG00000142632",217.744630840974,-0.657567465995356,0.226286855057069,0.000576324506257701,0.00685977258759166,"ARHGEF19","Rho guanine nucleotide exchange factor 19"
"ENSG00000188229",7574.30034363874,-0.441938827912942,0.141291142336494,0.000588181262733597,0.00697477631704243,"TUBB4B","tubulin beta 4B class IVb"
"ENSG00000248527",2716.5923371535,0.456779986842914,0.146866640940486,0.000598127840749611,0.00706635791041734,"MTATP6P1","MT-ATP6 pseudogene 1"
"ENSG00000165512",316.839673739226,-0.636760333631715,0.219809332178649,0.000627351908152539,0.00738416431151396,"ZNF22","zinc finger protein 22"
"ENSG00000197122",533.304231552499,0.570471917885416,0.193569227991428,0.000671481527301283,0.00787442174820471,"SRC","SRC proto-oncogene, non-receptor tyrosine kinase"
"ENSG00000111843",2222.70423739524,0.457983688484705,0.148998841248112,0.000685658632297355,0.00801111446118012,"TMEM14C","transmembrane protein 14C"
"ENSG00000123091",1715.67959358419,-0.45662560339949,0.14996629001109,0.000728349239590094,0.008417536529823,"RNF11","ring finger protein 11"
"ENSG00000165424",205.494491131336,0.627220765085453,0.219182346207543,0.000728389724890285,0.008417536529823,"ZCCHC24","zinc finger CCHC-type containing 24"
"ENSG00000181585",9.67848645554629,2.69282671054147,1.1154990787711,0.000726682717599408,0.008417536529823,"TMIE","transmembrane inner ear"
"ENSG00000165943",213.709868528654,0.619807104130895,0.216414447262928,0.000741051747840733,0.00853283498057192,"MOAP1","modulator of apoptosis 1"
"ENSG00000075461",672.191528489731,-0.454457123893256,0.150208343116765,0.000784763180246012,0.00897114167921521,"CACNG4","calcium voltage-gated channel auxiliary subunit gamma 4"
"ENSG00000178726",58.910207760312,0.961779958997365,0.373284354984144,0.00078461782723092,0.00897114167921521,"THBD","thrombomodulin"
"ENSG00000158825",67.9620311369346,0.903642063776154,0.346725141479454,0.00080165632176329,0.00913141143571231,"CDA","cytidine deaminase"
"ENSG00000164099",33.3654156950226,1.77988484791092,0.920051982994073,0.000865549984496845,0.0098239923240392,"PRSS12","serine protease 12"
"ENSG00000138650",4.48802585367222,-0.207849827068557,0.428275759835051,0.000880973561444967,0.00996346611484735,"PCDH10","protocadherin 10"
"ENSG00000204839",57.4633364691437,-1.18763425283299,0.49357417969634,0.000893817606411775,0.0100728806850235,"MROH6","maestro heat like repeat family member 6"
"ENSG00000156253",487.782086433464,0.528755882749564,0.182389720548691,0.000904484584894722,0.0101570742430934,"RWDD2B","RWD domain containing 2B"
"ENSG00000198892",325.924094327017,0.598454864722756,0.213237570769995,0.000938597376474609,0.0105030368395645,"SHISA4","shisa family member 4"
"ENSG00000110852",29.324038014643,-1.30820487946913,0.563260409667463,0.000977584435609537,0.0108330289938491,"CLEC2B","C-type lectin domain family 2 member B"
"ENSG00000157191",783.060491436692,-0.414976449014166,0.138394295874826,0.00097744238807165,0.0108330289938491,"NECAP2","NECAP endocytosis associated 2"
"ENSG00000274512",91.9228814704671,0.824875054074874,0.319229872162844,0.000978313191074481,0.0108330289938491,"TBC1D3","TBC1 domain family member 3"
"ENSG00000274512",91.9228814704671,0.824875054074874,0.319229872162844,0.000978313191074481,0.0108330289938491,"TBC1D3L","TBC1 domain family member 3L"
"ENSG00000233232",228.031396252474,0.541372699751643,0.189557454218539,0.000982288485454588,0.0108392805790787,"NPIPB7","nuclear pore complex interacting protein family member B7"
"ENSG00000198841",175.086884230141,-0.580732473463472,0.207195874981362,0.000998501971595295,0.0109800666634251,"KTI12","KTI12 chromatin associated homolog"
"ENSG00000158292",72.5158489265016,-0.9797037789587,0.400848254089498,0.00104831991609944,0.0114881403219448,"GPR153","G protein-coupled receptor 153"
"ENSG00000116157",6.05658447703842,-3.6634881852356,1.68451513550717,0.00106165518649329,0.0115942961603975,"GPX7","glutathione peroxidase 7"
"ENSG00000167136",109.122968423896,-0.767499789709402,0.296329231473112,0.00107462801796829,0.0116957802777507,"ENDOG","endonuclease G"
"ENSG00000186834",2089.38597067942,0.340896686461537,0.111886706893922,0.00114546072065039,0.0124241439256892,"HEXIM1","HEXIM P-TEFb complex subunit 1"
"ENSG00000170909",26.0170671497594,1.77446872376003,0.830466064447935,0.00116242380648836,0.0125652478129932,"OSCAR","osteoclast associated Ig-like receptor"
"ENSG00000196436",162.910580002855,0.668038426203418,0.252970444043005,0.00121776118682131,0.0131187967854852,"NPIPB15","nuclear pore complex interacting protein family member B15"
"ENSG00000196436",162.910580002855,0.668038426203418,0.252970444043005,0.00121776118682131,0.0131187967854852,"LOC124907807","nuclear pore complex-interacting protein family member B15"
"ENSG00000196436",162.910580002855,0.668038426203418,0.252970444043005,0.00121776118682131,0.0131187967854852,"LOC124907808","nuclear pore complex-interacting protein family member B15"
"ENSG00000114854",21.5688628275226,-1.34786310595172,0.604372381615688,0.0012253158104436,0.0131541645254664,"TNNC1","troponin C1, slow skeletal and cardiac type"
"ENSG00000243927",3008.88763666133,0.387487141147977,0.130455973804577,0.0012293224871188,0.0131541645254664,"MRPS6","mitochondrial ribosomal protein S6"
"ENSG00000171522",419.911353900301,-0.494276519865062,0.174795972547094,0.00124317455308557,0.0132139321725259,"PTGER4","prostaglandin E receptor 4"
"ENSG00000204536",308.357104202226,-0.542114276926391,0.195641534250292,0.00124322395204067,0.0132139321725259,"CCHCR1","coiled-coil alpha-helical rod protein 1"
"ENSG00000131941",6069.68744512871,-0.321943633149296,0.106099148253843,0.00126899480298636,0.0134428849463022,"RHPN2","rhophilin Rho GTPase binding protein 2"
"ENSG00000066422",1407.82176111297,0.499502455813829,0.177144508159292,0.00127420554845416,0.013453239976702,"ZBTB11","zinc finger and BTB domain containing 11"
"ENSG00000255112",932.084483572043,0.430958060276197,0.148696736787941,0.00129644176421301,0.0136426884989038,"CHMP1B","charged multivesicular body protein 1B"
"ENSG00000126821",646.51477541457,0.552833845646573,0.201598735588273,0.00132009915179126,0.013845792423738,"SGPP1","sphingosine-1-phosphate phosphatase 1"
"ENSG00000139269",14.41179821987,1.86068729420016,0.902337574936806,0.00134381979194036,0.014048221377587,"INHBE","inhibin subunit beta E"
"ENSG00000072954",148.796124681987,0.642413981980882,0.244518064776374,0.00136658851611888,0.0142394042761502,"TMEM38A","transmembrane protein 38A"
"ENSG00000120875",9.27195280692561,-2.32607268948737,1.10785672349396,0.00137896984908399,0.0143214581058462,"DUSP4","dual specificity phosphatase 4"
"ENSG00000230650",79.387394867371,0.909811680933514,0.382363421713396,0.00139572625493641,0.0144482672253678,"LOC442041","zinc finger protein 532 pseudogene"
"ENSG00000134333",37329.4291024056,-0.37435448602373,0.127553476264293,0.00142926039840988,0.0147473686563201,"LDHA","lactate dehydrogenase A"
"ENSG00000197385",381.452222569196,-0.502902528353649,0.181978549426115,0.00146471283059803,0.0150254345199992,"ZNF860","zinc finger protein 860"
"ENSG00000204128",56.880233766859,1.02411026247317,0.452500577063509,0.00146566541887972,0.0150254345199992,"C2orf72","chromosome 2 open reading frame 72"
"ENSG00000268606",20.2455335094493,1.35455843399863,0.637485687314754,0.00147655263531106,0.0150883738746577,"MAGEA2","MAGE family member A2"
"ENSG00000224051",498.774467203107,-0.569922692495746,0.213094695566668,0.00148672832251079,0.0151436622081387,"CPTP","ceramide-1-phosphate transfer protein"
"ENSG00000270170",173.404467707972,0.628274631963937,0.240545783475543,0.00149206599725553,0.0151494752053613,"NCBP2AS2","NCBP2 antisense 2 (head to head)"
"ENSG00000124216",95.1500468913873,-0.843053775559532,0.352008381914465,0.00150299624442296,0.0152118537094783,"SNAI1","snail family transcriptional repressor 1"
"ENSG00000154589",13.8650922112526,1.67493289797002,0.811343987265246,0.0015153835542984,0.0152658802301321,"LY96","lymphocyte antigen 96"
"ENSG00000213186",802.491711878934,0.481241953718798,0.172886020213889,0.00151794152068022,0.0152658802301321,"TRIM59","tripartite motif containing 59"
"ENSG00000112039",209.254161278982,-0.554934261073391,0.207142956364413,0.00155648725387335,0.0156041529741624,"FANCE","FA complementation group E"
"ENSG00000234851",4629.61700979174,-0.404318602648364,0.141733778476076,0.00161765890121732,0.0161664150568196,"RPL23AP42","ribosomal protein L23a pseudogene 42"
"ENSG00000125285",154.445577707449,-0.615635636382076,0.237767220632733,0.00162955486377132,0.0162342487682296,"SOX21","SRY-box transcription factor 21"
"ENSG00000117318",648.719707460246,-0.445235847431691,0.159666614770008,0.00169360185144282,0.0167798356080785,"ID3","inhibitor of DNA binding 3"
"ENSG00000169981",160.559546701306,-0.623543512776156,0.243617829605661,0.00169766504500018,0.0167798356080785,"ZNF35","zinc finger protein 35"
"ENSG00000204388",2374.24176276588,-0.49655303114382,0.182603410543057,0.00170015955500355,0.0167798356080785,"HSPA1B","heat shock protein family A (Hsp70) member 1B"
"ENSG00000188603",20.8545304581994,1.31324024239935,0.631090128810639,0.0017415473747641,0.0170822146820997,"CLN3","CLN3 lysosomal/endosomal transmembrane protein, battenin"
"ENSG00000198598",220.602239396246,-0.702787035648785,0.284784355813548,0.00173767460586314,0.0170822146820997,"MMP17","matrix metallopeptidase 17"
"ENSG00000163344",535.519208649682,-0.413224941689053,0.146789503480332,0.0017587857228914,0.0171654215970755,"PMVK","phosphomevalonate kinase"
"ENSG00000239282",103.924235254197,0.690120896641444,0.278192484490673,0.00176083305243757,0.0171654215970755,"CASTOR1","cytosolic arginine sensor for mTORC1 subunit 1"
"ENSG00000139722",1174.02005328947,-0.365758303640798,0.127210298310184,0.00178945245406164,0.0173910700275471,"VPS37B","VPS37B subunit of ESCRT-I"
"ENSG00000117676",583.961550152154,-0.578918209966565,0.22447258263271,0.00187413466805781,0.0181585365094137,"RPS6KA1","ribosomal protein S6 kinase A1"
"ENSG00000137142",138.0858063477,-0.655687654697032,0.263799636128493,0.00189945953628478,0.0183479708398572,"IGFBPL1","insulin like growth factor binding protein like 1"
"ENSG00000150630",77.3146872715319,-0.72403445192233,0.300438352283386,0.00191654977255022,0.018456955082317,"VEGFC","vascular endothelial growth factor C"
"ENSG00000177602",390.795062215406,-0.431977710424515,0.156405543504059,0.00193721201306813,0.0185995763671617,"HASPIN","histone H3 associated protein kinase"
"ENSG00000251503",50.0169126058938,-1.14885633015324,0.558392876769326,0.00195150838775499,0.0186804025791728,"CENPS-CORT","CENPS-CORT readthrough"
"ENSG00000184203",1319.29566116525,0.429390694120677,0.155548992859936,0.00198610365536843,0.0189544667169997,"PPP1R2","protein phosphatase 1 regulatory inhibitor subunit 2"
"ENSG00000204099",82.6628699909753,0.952013720802442,0.441132975233128,0.00209096531036025,0.019895472324326,"NEU4","neuraminidase 4"
"ENSG00000108947",61.4337663264695,0.804186957952481,0.350448333312511,0.0021258398415533,0.0201443528986407,"EFNB3","ephrin B3"
"ENSG00000291316",22.1178369697006,1.81931043889994,1.03680678580035,0.00212979942540694,0.0201443528986407,"TMEM276-ZFTRAF1","TMEM276-ZFTRAF1 readthrough"
"ENSG00000182993",35.7427105066991,-1.01500057874348,0.478997748184565,0.00214779290008857,0.0202542606423783,"C12orf60","chromosome 12 open reading frame 60"
"ENSG00000141232",658.787561331068,0.40371945333424,0.146503306134328,0.00218916389816219,0.020583322095738,"TOB1","transducer of ERBB2, 1"
"ENSG00000152192",3.51034366577388,-0.180431768925317,0.398319234922759,0.00220032656166072,0.0206272501857162,"POU4F1","POU class 4 homeobox 1"
"ENSG00000196455",1384.04738045186,0.400777530692808,0.14487524028734,0.00222492201033146,0.0207354901725319,"PIK3R4","phosphoinositide-3-kinase regulatory subunit 4"
"ENSG00000270757",115.625957410513,-0.63354361326063,0.258281746488577,0.00222047404551414,0.0207354901725319,"HSPE1-MOB4","HSPE1-MOB4 readthrough"
"ENSG00000129484",728.764555289067,-0.387877024448508,0.139856157264235,0.00223146774059572,0.0207356856129041,"PARP2","poly(ADP-ribose) polymerase 2"
"ENSG00000168795",1323.74028626034,-0.356753665371126,0.126814079427016,0.00224128937400498,0.0207662321591482,"ZBTB5","zinc finger and BTB domain containing 5"
"ENSG00000182580",17.9088732737657,1.57908726353027,0.893797393624446,0.00232491122330485,0.0214783949641361,"EPHB3","EPH receptor B3"
"ENSG00000291317",114.176910099221,0.661639309243166,0.275928248795899,0.00235018310048622,0.021648933024189,"TMEM276","transmembrane protein 276"
"ENSG00000241399",60.4710431116333,0.915124549954013,0.426299510092532,0.00236220743148587,0.0216968069863066,"CD302","CD302 molecule"
"ENSG00000292226",359.967757673399,-0.501084195598979,0.192913794720428,0.00236942802639257,0.0217004099938778,"LOC124905558","putative neuroblastoma breakpoint family member 7"
"ENSG00000135316",1116.34086108219,-0.431551533383659,0.160414734003361,0.00238615326342756,0.0217907904344045,"SYNCRIP","synaptotagmin binding cytoplasmic RNA interacting protein"
"ENSG00000164087",622.782995425236,-0.401843609879125,0.147225141898908,0.00240308489863528,0.0218825324007533,"POC1A","POC1 centriolar protein A"
"ENSG00000165527",2949.61045623,0.353075966628512,0.125387301395632,0.00246089550277327,0.0223449311651813,"ARF6","ARF GTPase 6"
"ENSG00000259024",137.935102287881,0.697323690373113,0.299003097112564,0.00247415214605778,0.0224012977782667,"TVP23C-CDRT4","TVP23C-CDRT4 readthrough"
"ENSG00000145337",862.694087381849,0.426213033334974,0.158727964440973,0.00250559257770448,0.0226215148066615,"PYURF","PIGY upstream open reading frame"
"ENSG00000128714",4.84122277641361,-0.292369543433755,0.554803990473174,0.00255884867773543,0.0230368869627286,"HOXD13","homeobox D13"
"ENSG00000184557",863.107324016012,-0.442597559457055,0.167449474187659,0.00261253576859471,0.023453781561,"SOCS3","suppressor of cytokine signaling 3"
"ENSG00000119915",3.35223207821704,-0.174883778800571,0.393031566777785,0.00263202327065017,0.0235621688848627,"ELOVL3","ELOVL fatty acid elongase 3"
"ENSG00000183691",213.904239548018,-0.553882162723689,0.222947671090294,0.00264782097040167,0.0236370085503835,"NOG","noggin"
"ENSG00000284874",57.0744076327947,1.04530790904873,0.528530292322283,0.00268054661349073,0.0238621208338195,"SEPT5-GP1BB","SEPT5-GP1BB readthrough"
"ENSG00000175906",46.1265252254051,-0.873001701406939,0.412699841268986,0.0027242967509829,0.0241838409905689,"ARL4D","ARF like GTPase 4D"
"ENSG00000166188",178.459981346436,0.693922881927791,0.302379407543909,0.00274991570930905,0.0243432649698724,"ZNF319","zinc finger protein 319"
"ENSG00000137337",97.585998305204,-0.631311771540968,0.266805892904245,0.00276479454226754,0.0244069918203507,"MDC1","mediator of DNA damage checkpoint 1"
"ENSG00000242265",5049.47052296347,-0.521699833981716,0.209451443874986,0.00291177595834196,0.025562497225444,"PEG10","paternally expressed 10"
"ENSG00000251705",86.6687503108374,-0.787144081683084,0.364428381878337,0.00290594678899339,0.025562497225444,"RNA5-8SP6","RNA, 5.8S ribosomal pseudogene 6"
"ENSG00000251705",86.6687503108374,-0.787144081683084,0.364428381878337,0.00290594678899339,0.025562497225444,"LOC124907582","5.8S ribosomal RNA"
"ENSG00000181031",53.5306994277851,0.819566445068775,0.384589768723829,0.00296142322399446,0.025926730043676,"RPH3AL","rabphilin 3A like (without C2 domains)"
"ENSG00000185567",11999.1750544956,0.290981263818119,0.105097693895096,0.00300618572236089,0.0262463138067663,"AHNAK2","AHNAK nucleoprotein 2"
"ENSG00000271254",242.31740509749,-0.538446839516492,0.219432401437236,0.00302688554231049,0.0263546363108569,"LOC124905564","neuroblastoma breakpoint family member 1-like"
"ENSG00000198840",15943.4027146731,0.467676092165417,0.183169987882695,0.00309080760656867,0.0268376682340853,"MT-ND3","NADH dehydrogenase subunit 3"
"ENSG00000180917",458.659624770962,0.503016054194328,0.201578839456145,0.00313481507046067,0.0271456193294932,"CMTR2","cap methyltransferase 2"
"ENSG00000123066",1532.4817666411,-0.454605785676615,0.177980413615552,0.00318835569336877,0.027534223895451,"MED13L","mediator complex subunit 13L"
"ENSG00000170175",376.610483336211,-0.415609583465605,0.159434185396414,0.00323496925804251,0.0278610631492116,"CHRNB1","cholinergic receptor nicotinic beta 1 subunit"
"ENSG00000092295",15.9700747279811,1.34324462949573,0.83254807894502,0.00329119586984543,0.0282687039847805,"TGM1","transglutaminase 1"
"ENSG00000183876",830.150327361199,-0.515259976899041,0.210690146263794,0.00336360991112175,0.0288128094273448,"ARSI","arylsulfatase family member I"
"ENSG00000133398",553.078564075866,0.41434131510395,0.15961567017363,0.00338203293863364,0.0288927437606927,"MED10","mediator complex subunit 10"
"ENSG00000260027",501.410435796749,-0.47070396884887,0.187932022075414,0.00342279258950063,0.0291625599180509,"HOXB7","homeobox B7"
"ENSG00000213625",2178.6932177792,0.415274762455858,0.161602698313016,0.00360831246380724,0.0306610080480733,"LEPROT","leptin receptor overlapping transcript"
"ENSG00000130758",4071.22922639532,0.436768498746996,0.171865840005892,0.00362089475880107,0.0306858761159195,"MAP3K10","mitogen-activated protein kinase kinase kinase 10"
"ENSG00000168505",124.490356402462,-0.633420332155719,0.282327223425591,0.00366553997252832,0.0309816117890824,"GBX2","gastrulation brain homeobox 2"
"ENSG00000189068",22.0789938037722,-1.15542245152011,0.6874774703108,0.00372966070568464,0.0313567770440894,"VSTM1","V-set and transmembrane domain containing 1"
"ENSG00000215041",997.09520583442,-0.378404672470511,0.144652068498167,0.00372331022142283,0.0313567770440894,"NEURL4","neuralized E3 ubiquitin protein ligase 4"
"ENSG00000103121",656.216312013642,0.389573961726633,0.150049802594118,0.00373987573094217,0.0313596967623594,"CMC2","C-X9-C motif containing 2"
"ENSG00000198763",47547.65122262,0.400956512157204,0.155929045207676,0.00383152978274222,0.03204368855146,"MT-ND2","NADH dehydrogenase subunit 2"
"ENSG00000165312",77.3530048553793,0.66997358966017,0.307921901188044,0.0039050010210027,0.0325724232145579,"OTUD1","OTU deubiquitinase 1"
"ENSG00000197279",138.928623188902,0.609086821372707,0.270682811691175,0.00396864256367698,0.0330166127417943,"ZNF165","zinc finger protein 165"
"ENSG00000099956",671.14171741588,-0.498725021134112,0.207658009105743,0.00402171837863562,0.0333708120295144,"SMARCB1","SWI/SNF related BAF chromatin remodeling complex subunit B1"
"ENSG00000260691",115.964714415272,-0.691295918427414,0.328039494363834,0.00407905135996925,0.0337583990155789,"ANKRD20A1","ankyrin repeat domain 20 family member A1"
"ENSG00000260691",115.964714415272,-0.691295918427414,0.328039494363834,0.00407905135996925,0.0337583990155789,"LOC128966611","putative ankyrin repeat domain-containing protein 20A2"
"ENSG00000198939",15.7493660631144,1.24482205492135,0.771221324971038,0.00410735210719929,0.0339043246666996,"ZFP2","ZFP2 zinc finger protein"
"ENSG00000267978",4.91134017413755,2.56678624071444,1.74931893892757,0.00415051296666096,0.0341718399172242,"MAGEA9","MAGE family member A9"
"ENSG00000267978",4.91134017413755,2.56678624071444,1.74931893892757,0.00415051296666096,0.0341718399172242,"MAGEA9B","MAGE family member A9B"
"ENSG00000139211",776.808865401977,-0.37537754305952,0.145829382337976,0.00417724430905496,0.0342146453973625,"AMIGO2","adhesion molecule with Ig like domain 2"
"ENSG00000198205",138.883969285155,0.573819820541717,0.251719045812984,0.00417538265880896,0.0342146453973625,"ZXDA","zinc finger X-linked duplicated A"
"ENSG00000158715",116.926077937807,-0.589853090582544,0.262209275695494,0.0041998628194629,0.0343114756818846,"SLC45A3","solute carrier family 45 member 3"
"ENSG00000178913",2513.81299082246,0.392898297775043,0.154479519142511,0.00428064400793717,0.0348817606595496,"TAF7","TATA-box binding protein associated factor 7"
"ENSG00000140743",675.307107934836,-0.345545252329057,0.132637870346815,0.00434776829625701,0.0352128432311447,"CDR2","cerebellar degeneration related protein 2"
"ENSG00000174521",14.5494385834449,1.29598186979045,0.849940858000893,0.00435451459718058,0.0352128432311447,"TTC9B","tetratricopeptide repeat domain 9B"
"ENSG00000272325",1944.45606631395,-0.301690533510977,0.113361219112603,0.00433775228265119,0.0352128432311447,"NUDT3","nudix hydrolase 3"
"ENSG00000181744",443.555640803119,0.457761306298315,0.187989251526454,0.00437996082695693,0.0353287195636272,"DIPK2A","divergent protein kinase domain 2A"
"ENSG00000205730",3604.31206655576,0.345621977763744,0.133268621568603,0.00450072757108459,0.036210917014954,"ITPRIPL2","ITPRIP like 2"
"ENSG00000023191",3438.49306964689,-0.437946013852657,0.178995602552362,0.00452555716493048,0.036318739066033,"RNH1","ribonuclease/angiogenin inhibitor 1"
"ENSG00000123689",75.4677129824641,0.659757516139527,0.313246891947819,0.00469322482016178,0.0375694420112699,"G0S2","G0/G1 switch 2"
"ENSG00000114767",779.667855999711,-0.378465473015037,0.149910444308799,0.00472820752340373,0.037585882393994,"RRP9","ribosomal RNA processing 9, U3 small nucleolar RNA binding protein"
"ENSG00000143554",62.3676214250912,-0.743926354117745,0.378226511121434,0.00473075926922517,0.037585882393994,"SLC27A3","solute carrier family 27 member 3"
"ENSG00000183856",1495.13214792904,-0.358507874572847,0.14059479456776,0.00472358342508306,0.037585882393994,"IQGAP3","IQ motif containing GTPase activating protein 3"
"ENSG00000173156",200.018621348322,0.569141282802472,0.255150024118751,0.00476101196086879,0.0377319102534688,"RHOD","ras homolog family member D"
"ENSG00000197557",161.365077928979,0.530841406220758,0.231999340827735,0.0047837151669464,0.037817529354616,"IFT70A","intraflagellar transport 70A"
"ENSG00000169976",711.44045258671,-0.388982473752654,0.155575837206552,0.00484006753196416,0.0381680759716677,"SF3B5","splicing factor 3b subunit 5"
"ENSG00000152291",8772.17467573522,0.298180955543961,0.113371151932501,0.0048640045254614,0.0382618969849414,"TGOLN2","trans-golgi network protein 2"
"ENSG00000163251",295.899836017985,-0.445642776040183,0.186910225929681,0.00519502911834946,0.0407649445385545,"FZD5","frizzled class receptor 5"
"ENSG00000239672",3137.63599883816,-0.28399378296047,0.108420849821412,0.00522776712198471,0.0409207978169148,"NME1","NME/NM23 nucleoside diphosphate kinase 1"
"ENSG00000178695",307.409382423358,-0.521373647080631,0.232582723308111,0.00542640753325192,0.0423713099279474,"KCTD12","potassium channel tetramerization domain containing 12"
"ENSG00000109920",1606.54258329804,0.398367661598484,0.162910654735698,0.00545264180384624,0.0424718030701553,"FNBP4","formin binding protein 4"
"ENSG00000166002",174.972706660638,0.542516439629222,0.246331822616117,0.00556533820344396,0.0432436303436306,"SMCO4","single-pass membrane protein with coiled-coil domains 4"
"ENSG00000110092",8115.68714997019,-0.313057797370394,0.121284264902477,0.00581361134466371,0.0450138606282052,"CCND1","cyclin D1"
"ENSG00000120129",1654.90745419373,0.326089018363533,0.129034864545401,0.00584981889221169,0.0450138606282052,"DUSP1","dual specificity phosphatase 1"
"ENSG00000145113",6.37280013400432,0.278591057073929,0.514324112853056,0.0058432137576781,0.0450138606282052,"MUC4","mucin 4, cell surface associated"
"ENSG00000270231",2345.77957433146,0.296572597284303,0.115453494952629,0.00582997700299341,0.0450138606282052,"NBPF8","NBPF member 8"
"ENSG00000160325",153.476428547642,0.570088819827018,0.267240551102395,0.00591511101989857,0.0454063353169992,"CACFD1","calcium channel flower domain containing 1"
"ENSG00000118655",324.285313139528,-0.388033751997905,0.160581202784291,0.0060785041953534,0.0465481598381521,"DCLRE1B","DNA cross-link repair 1B"
"ENSG00000188021",1023.50358740226,0.313509732440897,0.124435254100956,0.00627414383399656,0.047930839193368,"UBQLN2","ubiquilin 2"
"ENSG00000173281",294.89139814475,0.417776546690696,0.177178855084767,0.00630873205762562,0.0479651046964045,"PPP1R3B","protein phosphatase 1 regulatory subunit 3B"
"ENSG00000233608",109.939601116718,0.545781678702241,0.254488346249891,0.00632390776204956,0.0479651046964045,"TWIST2","twist family bHLH transcription factor 2"
"ENSG00000244242",35.8596765617751,0.869454829687954,0.547107244829055,0.00631248616821257,0.0479651046964045,"IFITM10","interferon induced transmembrane protein 10"
"ENSG00000155961",91.06677047017,0.623534806763752,0.309704455812356,0.0063668839267233,0.0481760883788729,"RAB39B","RAB39B, member RAS oncogene family"
"ENSG00000116704",526.067120225888,0.417402315571315,0.177455329013704,0.00643112124228795,0.0484315244265192,"SLC35D1","solute carrier family 35 member D1"
"ENSG00000203883",32.0444187553047,-0.930936329368266,0.600834378139497,0.00642819627056704,0.0484315244265192,"SOX18","SRY-box transcription factor 18"
"ENSG00000158457",41.0536666438384,0.769919298637744,0.431446216021117,0.00646632199238813,0.0485814924156253,"TSPAN33","tetraspanin 33"
"ENSG00000251493",341.852306334078,-0.42934434112373,0.185404153874362,0.00662302541747747,0.0496414499451495,"FOXD1","forkhead box D1"
